channel,total_transactions,total_volume_kes,avg_transaction_value
ATM,802,62328684.52,77716.5642394015
Agency Banking,836,59890688.2,71639.57918660287
EazzyPay,813,57671961.47,70937.2219803198
Equitel,827,66528330.5,80445.3814993954
Equity Mobile,861,64877671.72,75351.53509872241
Visa Card,861,61861365.73,71848.27610917538
