year,total_gdp_m_kes,total_revenue_m_kes,tax_to_gdp_ratio_percent
2022,46914777.0,,
2025,61356874.0,,
2024,56646868.0,2417558.05,4.267770020400775
2023,52309268.0,,
2021,41621226.0,1723922.1100000003,4.141930153619215
