year,net_profit,roa_percent,roe_percent
2025,10000.0,1.9230769230769231,15.384615384615385
2024,16400.0,3.1538461538461537,25.23076923076923
