country,region,total_customers,avg_digital_score,loan_penetration_pct,high_risk_pct,total_deposits_usd
Ethiopia,East Africa,0,,,,
Uganda,East Africa,390,56.11025641025641,27.692307692307693,17.94871794871795,422190.2699999999
Democratic Republic of Congo,Central Africa,694,56.55043227665706,28.962536023054753,16.570605187319885,1050384.7700000005
South Sudan,East Africa,112,55.11607142857143,41.964285714285715,15.178571428571427,150932.66
Kenya,East Africa,1623,56.19173859432799,27.97288971041282,15.03388786198398,59145957.449999906
Rwanda,East Africa,547,56.261425959780624,23.583180987202926,15.904936014625228,1463966.0099999998
Tanzania,East Africa,347,56.25648414985591,30.547550432276655,16.138328530259365,321252.8799999999
